{"cameraMode":{"drawMode":0,"name":"Shaded","section":"Shading Mode"},"sceneLighting":true,"audioPlay":false,"sceneViewState":{"m_AlwaysRefresh":false,"showFog":true,"showSkybox":true,"showFlares":true,"showImageEffects":true,"showParticleSystems":true,"showVisualEffectGraphs":true,"m_FxEnabled":true},"in2DMode":false,"pivot":{"x":-0.014153089374303818,"y":0.4476335644721985,"z":1.7499463558197022},"rotation":{"x":-0.2204832136631012,"y":0.002044967608526349,"z":-0.00046152836875990033,"w":-0.9753917455673218},"size":1.1480611562728882,"orthographic":false}