{"cameraMode":{"drawMode":0,"name":"Shaded","section":"Shading Mode"},"sceneLighting":true,"audioPlay":false,"sceneViewState":{"m_AlwaysRefresh":false,"showFog":true,"showSkybox":true,"showFlares":true,"showImageEffects":true,"showParticleSystems":true,"showVisualEffectGraphs":true,"m_FxEnabled":true},"in2DMode":false,"pivot":{"x":-33.667667388916019,"y":-14.455118179321289,"z":15.597749710083008},"rotation":{"x":-0.16286329925060273,"y":0.5238145589828491,"z":-0.10280998051166535,"w":-0.8297763466835022},"size":21.187522888183595,"orthographic":false}