{"cameraMode":{"drawMode":0,"name":"Shaded","section":"Shading Mode"},"sceneLighting":true,"audioPlay":false,"sceneViewState":{"m_AlwaysRefresh":false,"showFog":true,"showSkybox":true,"showFlares":true,"showImageEffects":true,"showParticleSystems":true,"showVisualEffectGraphs":true,"m_FxEnabled":true},"in2DMode":false,"pivot":{"x":-19.561805725097658,"y":-10.077524185180664,"z":33.123573303222659},"rotation":{"x":-0.13158372044563294,"y":0.2605111300945282,"z":-0.03586336597800255,"w":-0.9557924270629883},"size":21.27843475341797,"orthographic":false}